Subtitle,Subcase
Hello,100,3001,-7.242149E+00,9.107042E+00,6.346119E-01,-8.025691E-04,-4.582147E-03,1.816432E-05Hello,100,4000,-1.445403E+01,,
Hello,100,4001,-2.757656E-12,,
Hello,100,4002,-2.134340E-12,,
Hello,200,3001,-7.651418E-01,-9.077057E+00,-1.357276E-01,2.996662E-02,-5.672555E-04,3.454417E-04Hello,200,4000,1.084344E-11,,
Hello,200,4001,-1.078422E+01,,
Hello,200,4002,2.714552E-01,,
Hello,300,3001,1.220864E+01,3.471715E+00,-8.398896E+00,-3.642999E-01,5.762820E-04,-4.105315E-03Hello,300,4000,-2.280053E-10,,
Hello,300,4001,-6.943430E+00,,
Hello,300,4002,-1.214054E+01,,
