Subtitle,Subcase
Hello,300,2019G,2.042521E-06,-2.708797E-04,1.606910E-03,2.706233E-02,2.130588E-04,9.613780E-05Hello,100,999999G,-5.542533E+01,-1.122658E-12,-3.232414E-12,-4.064908E-13,-5.993325E-02,3.391945E+00Hello,200,999999G,-6.241879E-13,-5.542533E+01,3.095191E-12,5.993325E-02,4.804271E-13,-1.985360E-13Hello,300,999999G,1.574133E-11,1.004176E-10,-5.542533E+01,-3.391945E+00,-1.079453E-11,3.451849E-12Hello,100,3000,7.242149E+00,9.107042E+00,6.346119E-01,-8.025691E-04,4.582147E-03,-1.816432E-05
Hello,100,3001,-7.242149E+00,9.107042E+00,6.346119E-01,-8.025691E-04,-4.582147E-03,1.816432E-05
Hello,100,4002,-2.134340E-12,,Hello,200,3000,-7.651418E-01,9.077057E+00,1.357276E-01,-2.996662E-02,-5.672555E-04,3.454417E-04
Hello,200,3001,-7.651418E-01,-9.077057E+00,-1.357276E-01,2.996662E-02,-5.672555E-04,3.454417E-04
Hello,200,4002,2.714552E-01,,Hello,300,3000,1.220864E+01,-3.471715E+00,8.398896E+00,3.642999E-01,5.762820E-04,-4.105315E-03
Hello,300,3001,1.220864E+01,3.471715E+00,-8.398896E+00,-3.642999E-01,5.762820E-04,-4.105315E-03
