Subtitle,Subcase
Hello,300,4002,-1.214054E+01,,Hello,100,3000,7.242150E-09,9.107042E-09,6.346119E-10,-8.025691E-10,4.582147E-09,-1.816432E-11
Hello,100,3001,-7.242150E-09,9.107042E-09,6.346119E-10,-8.025691E-10,-4.582147E-09,1.816432E-11
Hello,100,4002,0.000000E+00,,Hello,200,3000,-7.651418E-10,9.077056E-09,1.357276E-10,-2.996662E-08,-5.672555E-10,3.454417E-10
Hello,200,3001,-7.651418E-10,-9.077056E-09,-1.357276E-10,2.996662E-08,-5.672555E-10,3.454417E-10
Hello,200,4002,0.000000E+00,,Hello,300,3000,1.220864E-08,-3.471715E-09,8.398897E-09,3.642999E-07,5.762820E-10,-4.105315E-09
Hello,300,3001,1.220864E-08,3.471715E-09,-8.398897E-09,-3.642999E-07,5.762820E-10,-4.105315E-09
