Subtitle,Subcase
Hello,300,2019G,2.042521E-06,-2.708797E-04,1.606910E-03,2.706233E-02,2.130588E-04,9.613780E-05Hello,100,999999G,-5.542533E+01,-1.122658E-12,-3.232414E-12,-4.064908E-13,-5.993325E-02,3.391945E+00
Hello,300,2019G,2.042521E-06,-2.708797E-04,1.606910E-03,2.706233E-02,2.130588E-04,9.613780E-05Hello,100,999999G,-5.542533E+01,-1.122658E-12,-3.232414E-12,-4.064908E-13,-5.993325E-02,3.391945E+00Hello,200,999999G,-6.241879E-13,-5.542533E+01,3.095191E-12,5.993325E-02,4.804271E-13,-1.985360E-13
Hello,300,2019G,2.042521E-06,-2.708797E-04,1.606910E-03,2.706233E-02,2.130588E-04,9.613780E-05Hello,100,999999G,-5.542533E+01,-1.122658E-12,-3.232414E-12,-4.064908E-13,-5.993325E-02,3.391945E+00Hello,200,999999G,-6.241879E-13,-5.542533E+01,3.095191E-12,5.993325E-02,4.804271E-13,-1.985360E-13Hello,300,999999G,1.574133E-11,1.004176E-10,-5.542533E+01,-3.391945E+00,-1.079453E-11,3.451849E-12
